id;first_name;last_name;email;s_3_image_key
1;Lola;Rogahn;Lily.Kihn75@yahoo.com;repurpose withdrawal
2;Destin;Raynor;Carey51@yahoo.com;leading-edge
3;Lucio;Jerde;Aurelia97@yahoo.com;Small Indiana Sleek
4;Michelle;Rath;Laurence.Gaylord34@yahoo.com;Berkshire indigo
5;Carey;Bins;Julio.Shanahan@hotmail.com;internet Granite Infrastructure
6;Jensen;Kiehn;Brian11@gmail.com;open-source
7;Christopher;Ritchie;Kaela.Kihn@yahoo.com;Accounts Concrete Account
8;Carol;Renner;Destini.Daniel99@yahoo.com;payment lavender
9;Bradley;Green;Ashtyn_Lehner@gmail.com;Illinois Chicken North
10;Peter;Nienow;Cedrick18@hotmail.com;Forward microchip
